id,source,title,title_he,author,philology_score,confidence,philology_tags,collection,category,language,publisher,is_journal,matched_terms,status,needs_review
7b44936d-bf37-45e2-9e8c-f899a4144838,json,Textual Criticism of the Hebrew Bible,,Emanuel Tov,0.532,medium,biblical_studies|biblical_textual_criticism|classical_philology|greek|jewish_philology|semitic_languages|textual_criticism,Jewish Philology | Classical Philology | Semitic Languages | Greek & Latin | Biblical Textual Criticism,Religion,English,BRILL,false,textual criticism; septuagint; aramaic; syriac; qumran; targumim; masoretic; vulgate; hebrew bible; [title:textual criticism]; [scholar:Emanuel Tov],done,false
85f96b9c-96c3-4d84-96cc-99ecf9670d53,json,A Dictionary of Jewish Babylonian Aramaic of the Talmudic and Geonic Periods,,Michael Sokoloff,0.528,medium,biblical_studies|epigraphy|grammar|jewish_philology|lexicography|papyrology|semitic_languages,Jewish Philology | Semitic Languages | Biblical Textual Criticism | Manuscripts & Papyrology,Foreign Language Study,English,,false,babylonian; aramaic; talmud; talmudic; epigraphic; inscriptions; lexicon; dictionary of; [title:talmudic]; [title:aramaic]; [scholar:Michael Sokoloff],done,false
c8045043-8946-4c44-84b6-32b6fb283a9e,supabase,Greek Lexicon of the Roman and Byzantine Periods,,Evangelinus Apostolides Sophocles,0.432,medium,classical_studies|grammar|greek|journal|lexicography,Classical Philology | Greek & Latin,,English,Georg Olms Verlag,true,greek lexicon; sophocles; lexicon; byzantine; [title:lexicon]; [title:greek]; [title:greek lexicon]; [journal:greek.*roman.*byzantine],,false
8995d920-b644-4256-b756-3f4c969873d5,json,Exegesis and Grammar in Medieval Karaite Texts,,Geoffrey Khan,0.388,medium,biblical_studies|codicology|grammar|lexicography|manuscripts|medieval_texts|patristics|semitic_languages,Jewish Philology | Semitic Languages | Biblical Textual Criticism | Manuscripts & Papyrology,Language Arts & Disciplines,English,"Oxford University Press, USA",false,manuscript; grammar; biblical; exegesis; medieval; [title:grammar]; [scholar:Geoffrey Khan],done,false
1d74c8ab-f71b-4440-aa6a-2055c3a9768f,json,The Documents from the Bar Kokhba Period in the Cave of Letters: No special title,,Andrew Gross,0.375,medium,biblical_studies|codicology|epigraphy|greek|jewish_philology|manuscripts|papyrology,Jewish Philology | Classical Philology | Greek & Latin | Biblical Textual Criticism | Manuscripts & Papyrology,Dead Sea scrolls,English,,false,greek papyri; dead sea scrolls; papyri; [title:papyri]; [title:greek],done,false
4ba6f59d-d31f-48af-b60c-73b097e98638,json,The Complete Dead Sea Scrolls in English,,Geza Vermes,0.372,medium,biblical_studies|codicology|jewish_philology|manuscripts|patristics,Jewish Philology | Biblical Textual Criticism | Manuscripts & Papyrology,Religion,English,Penguin UK,false,dead sea scrolls; qumran; hebrew bible; manuscripts; biblical; [title:dead sea scrolls]; [scholar:Geza Vermes],done,false
efa6463b-d3c8-419a-b522-7c99886e0542,supabase,Grammar of Septuagint Greek,,F. C. Conybeare and St. George Stock,0.365,medium,biblical_studies|grammar|greek|jewish_philology|lexicography,Jewish Philology | Classical Philology | Greek & Latin | Biblical Textual Criticism,,English,,false,greek grammar; septuagint; grammar; [title:grammar]; [title:septuagint]; [title:greek],,false
62abb982-79d3-4b31-af93-7efb82402205,json,Parva Naturalia,,Aristotle,0.363,medium,classical_philology|codicology|greek|latin|manuscripts|medieval_texts,Classical Philology | Greek & Latin | Manuscripts & Papyrology,,English,,false,manuscript tradition; aristotle; latin; manuscript; middle ages,done,false
230f631a-8a09-4075-84ae-74cd2fd4fd0f,json,The Bible in the Syriac Tradition (Third Edition),,Sebastian Brock,0.342,medium,biblical_studies|codicology|manuscripts|patristics|semitic_languages,Jewish Philology | Semitic Languages | Biblical Textual Criticism | Manuscripts & Papyrology,,English,,false,syriac; manuscripts; biblical; [title:syriac]; [scholar:Sebastian Brock],done,false
2285b0e2-f79d-46a6-9e92-307c599215ae,supabase,A Greek-English Lexicon,,Henry George Liddell and Robert Scott,0.322,medium,grammar|greek|lexicography,Classical Philology | Greek & Latin,,English,"Clarendon Press, Oxford",false,greek lexicon; liddell; scott; lexicon; [title:lexicon]; [title:greek]; [scholar:Liddell],,false
682f0edf-f6f7-4676-a0ca-0a6694d66ce4,supabase,A Lexicon Abridged From Liddell & Scott's Greek-English Lexicon,,Liddell & Scott; Rev. James M. Whiton,0.322,medium,grammar|greek|lexicography,Classical Philology | Greek & Latin,,English,Harper & Brothers,false,greek lexicon; liddell; scott; lexicon; [title:lexicon]; [title:greek]; [scholar:Liddell],,false
690a5241-d654-4c6d-8cc5-38bded72c770,supabase,An Intermediate Greek-English Lexicon,,Liddell and Scott,0.322,medium,grammar|greek|lexicography,Classical Philology | Greek & Latin,,English,Clarendon Press,false,greek lexicon; liddell; scott; lexicon; [title:lexicon]; [title:greek]; [scholar:Liddell],,false
117e567b-1834-4db2-b455-caa525b8a4e5,json,A concordance of the Armenian Apocryphal Adam books,,Michael E. Stone,0.318,medium,biblical_studies|grammar|indo_european|lexicography|linguistics|medieval_texts|patristics,Jewish Philology | Biblical Textual Criticism,Language Study,English,,false,armenian; concordance; concordances; apocrypha; medieval; [title:concordance],done,false
2285b0e2-f79d-46a6-9e92-307c599215ae,json,A Greek-English Lexicon,,Henry George Liddell,0.307,medium,grammar|greek|lexicography,Classical Philology | Greek & Latin,Greek language,el,,false,liddell; scott; lexicon; [title:lexicon]; [title:greek]; [scholar:Liddell],done,false
682f0edf-f6f7-4676-a0ca-0a6694d66ce4,json,A Lexicon Abridged from Liddell & Scott's Greek-English Lexicon,,Henry George Liddell; Robert Scott; James Morris Whiton,0.307,medium,grammar|greek|lexicography,Classical Philology | Greek & Latin,History,English,Franklin Classics Trade Press,false,liddell; scott; lexicon; [title:lexicon]; [title:greek]; [scholar:Liddell],done,false
690a5241-d654-4c6d-8cc5-38bded72c770,json,An Intermediate Greek-English Lexicon,,Henry George Liddell; Robert Scott,0.307,medium,grammar|greek|lexicography,Classical Philology | Greek & Latin,Greek language,el,,false,liddell; scott; lexicon; [title:lexicon]; [title:greek]; [scholar:Liddell],done,false
1d74c8ab-f71b-4440-aa6a-2055c3a9768f,supabase,"JUDEAN DESERT STUDIES: The Documents from the Bar-Kokhba Period in the Cave of Letters, Greek Papyri",,Unknown,0.3,medium,codicology|epigraphy|greek|manuscripts|papyrology,Classical Philology | Greek & Latin | Manuscripts & Papyrology,,English,Israel Exploration Society,false,greek papyri; papyri; [title:papyri]; [title:greek],,false
34c9a631-0a25-4c61-b7c4-bc5472c70bf6,json,New Latin Grammar for Shools and Colleges,,J. B. Greenough; G. L. Kittredge; A. A. Howard; Benj. L. D'ooge,0.298,low,grammar|latin|lexicography,Classical Philology | Greek & Latin,Fiction,English,BoD – Books on Demand,false,latin; latin grammar; grammar; [title:grammar]; [title:latin]; [title:latin grammar],done,false
962c8b87-e672-4a6c-b7b7-2d5fe62a3e00,json,Gildersleeve's Latin Grammar,,Gildersleeve and Lodge,0.298,low,grammar|latin|lexicography,Classical Philology | Greek & Latin,,,,false,latin; latin grammar; grammar; [title:grammar]; [title:latin]; [title:latin grammar],done,true
34c9a631-0a25-4c61-b7c4-bc5472c70bf6,supabase,Allen and Greenough's New Latin Grammar,,"J. B Greenough, G. L. Kittredge, A. A. Howard, and Benj. L. D'Ooge",0.298,low,grammar|latin|lexicography,Classical Philology | Greek & Latin,,English,"Aristide D. Caratzas, Publisher",false,latin; latin grammar; grammar; [title:grammar]; [title:latin]; [title:latin grammar],,false
d57bcc57-00e8-4442-8116-b5bb6defbf9e,supabase,"THE OLD TESTAMENT IN SYRIAC PESHITTA VERSION PART IV, 2 CHRONICLES",,Unknown,0.298,low,biblical_studies|jewish_philology|patristics|semitic_languages,Jewish Philology | Semitic Languages | Biblical Textual Criticism,,English,BRILL,false,syriac; peshitta; old testament; biblical; [title:syriac],,false
a24f4641-6b40-447d-bea7-ff8ef0896106,json,Comparative Grammar of the Semitic Languages,,De Lacy O'Leary,0.295,low,grammar|indo_european|lexicography|linguistics|semitic_languages,Jewish Philology | Semitic Languages,Social Science,English,Routledge,false,semitic; semitic languages; assyrian; aramaic; comparative grammar; grammar; [title:grammar],done,false
85f96b9c-96c3-4d84-96cc-99ecf9670d53,supabase,A DICTIONARY OF JEWISH BABYLONIAN ARAMAIC,,Michael Sokoloff,0.29,low,grammar|lexicography|semitic_languages,Jewish Philology | Semitic Languages,,English,Bar Ilan University Press / The Johns Hopkins University Press,false,babylonian; aramaic; dictionary of; [title:aramaic]; [scholar:Michael Sokoloff],,false
6be30e79-6e8c-407f-970e-e6973194317b,json,A Greek Grammar,,William W. Goodwin,0.283,low,grammar|greek|lexicography,Classical Philology | Greek & Latin,,,,false,greek grammar; grammar; [title:grammar]; [title:greek]; [title:greek grammar],done,true
b149592b-0223-4a71-a792-440e44c62c4b,json,"Reading Greek: Grammar, Vocabulary and Exercises",,Joint Association of Classical Teachers,0.283,low,grammar|greek|lexicography,Classical Philology | Greek & Latin,,,,false,greek grammar; grammar; [title:grammar]; [title:greek]; [title:greek grammar],done,true
cb159dbb-e5b8-4099-902e-e9f2fa11ad48,supabase,A DICTIONARY OF GREEK & LATIN LEGAL TERMS IN RABBINIC LITERATURE,,Daniel Sperber,0.283,low,biblical_studies|grammar|greek|jewish_philology|latin|lexicography,Jewish Philology | Classical Philology | Greek & Latin | Biblical Textual Criticism,,English,Bar Ilan University Press,false,latin; rabbinic; dictionary of; [title:greek]; [title:latin],,false
c84ef8c7-7e97-44eb-b131-295cf26d4a8b,supabase,Greek Grammar,,Herbert Weir Smyth,0.283,low,grammar|greek|lexicography,Classical Philology | Greek & Latin,,English,Harvard University Press,false,greek grammar; grammar; [title:grammar]; [title:greek]; [title:greek grammar],,false
8632684e-6e71-4595-8360-1e223d78a592,json,Studies in Semitic Linguistics,,Gideon Goldenberg,0.282,low,grammar|lexicography|semitic_languages,Jewish Philology | Semitic Languages,Fiction,English,Magnes Press,false,semitic; semitic languages; aramaic; syriac; amharic; grammatical; syntax; [scholar:Gideon Goldenberg],done,false
3e9ca8e2-b198-43ac-adf0-437a6d3b9f87,json,Lucianea et Pseudo-Lucianea. Studies on pseudepigrapha of Lucian and works by Lucian sometimes considered spurious,,Francesca Mestre; Pilar Gómez; Cristian Tolsa,0.275,low,biblical_studies|classical_philology|codicology|manuscripts|medieval_texts|patristics,Jewish Philology | Classical Philology | Biblical Textual Criticism | Manuscripts & Papyrology,,English,Edicions Universitat Barcelona,false,manuscript tradition; manuscript; pseudepigrapha; middle ages,failed,true
7b89c401-ab19-4f70-aaee-2d6fd856d079,json,Medieval Latin,,K. P. Harrington; Joseph Pucci,0.275,low,grammar|latin|lexicography|medieval_texts,Classical Philology | Greek & Latin,Foreign Language Study,English,University of Chicago Press,false,latin; classical latin; medieval latin; grammatical; medieval; [title:latin],done,false
36b1b33f-bee7-4f14-ac2c-bf31aa969607,json,Early Greek Science,,G E R Lloyd,0.273,low,greek|latin,Classical Philology | Greek & Latin,Science,English,Random House,false,herodotus; plato; aristotle; cicero; virgil; horace; tacitus; caesar; [title:greek],done,false
2b2c3bde-5abe-444d-b51b-1bd7508b922d,json,Armenian Apocrypha Relating to Angels and Biblical Heroes,,Michael E. Stone,0.271,low,biblical_studies|codicology|indo_european|linguistics|manuscripts|medieval_texts|patristics,Jewish Philology | Biblical Textual Criticism | Manuscripts & Papyrology,Religion,English,SBL Press,false,manuscripts; armenian; biblical; apocrypha; medieval,done,false
2eafb148-42b8-4abb-80ec-d57ff8b0cf7d,json,The Light of the Eyes,,Azariah ben Moses dei Rossi; ʿAzaryā Ben-Moše de Rôssî,0.271,low,biblical_studies|classical_studies|greek|jewish_philology|patristics,Jewish Philology | Classical Philology | Greek & Latin | Biblical Textual Criticism,History,English,Yale Judaica (Hardcover),false,septuagint; hellenistic; biblical,done,false
859b9662-6a57-4cda-8827-b7d19d88b3bf,json,"Homer, the Bible, and Beyond",,M. Finkelberg & G.G. Stroumsa,0.271,low,biblical_studies|classical_studies|greek|jewish_philology|patristics,Jewish Philology | Classical Philology | Greek & Latin | Biblical Textual Criticism,Religion,English,BRILL,false,homer; rabbinic; ancient greece; new testament,done,false
285ec356-9d98-405f-936a-355ca3ae17de,json,Sumerian Grammar,,Dietz Otto Edzard,0.267,low,grammar|lexicography|semitic_languages,Jewish Philology | Semitic Languages,Reference,English,BRILL,false,semitic; akkadian; cuneiform; grammar; syntax; morphology; phonology; phonetics; [title:grammar],done,false
375493a9-30c4-4d16-ad23-519c26cd66dc,supabase,Lexicon Platonicum,,D. Fredericus Astius,0.267,low,grammar|greek|latin|lexicography,Classical Philology | Greek & Latin,,Latin,Libraria Weidmanniana,false,plato; latin; lexicon; [title:lexicon],,false
18e15321-03b6-4b1a-8948-34edc991f54a,json,An Introduction to the Comparative Grammar of the Semitic Languages,,"Sabatino; Spitaler Moscati (Anton; Ullendorff, Edward; von Soden, Wolfram)",0.265,low,grammar|indo_european|lexicography|linguistics|semitic_languages,Jewish Philology | Semitic Languages,,English,,false,semitic; semitic languages; comparative grammar; grammar; [title:grammar],done,false
5c80ddd3-9db3-4390-90c7-535885426bb7,json,Gesenius' Hebrew Grammar,,"Gesenius, Kautzsch, Cowley, Euting, Lidzbarski",0.265,low,biblical_studies|grammar|jewish_philology|lexicography,Jewish Philology | Biblical Textual Criticism,,,,false,hebrew grammar; gesenius; grammar; [title:grammar]; [title:hebrew grammar],done,true
2c767f29-733d-4251-bf4e-98564414f9f4,json,An English and Hebrew Lexicon,,Selig Newman,0.258,low,biblical_studies|grammar|jewish_philology|lexicography,Jewish Philology | Biblical Textual Criticism,,English,,false,hebrew lexicon; lexicon; [title:lexicon]; [title:hebrew lexicon],done,false
c1027722-09a0-4c25-b14f-5e5f05bb1747,supabase,Lexicon Palaeoslovenico-Graeco-Latinum,,Franz von Miklosich,0.258,low,grammar|indo_european|latin|lexicography|linguistics,Classical Philology | Greek & Latin,,Latin,Scientia Verlag Aalen,false,latin; slavic; lexicon; [title:lexicon],,false
4093cb7d-1985-4a9a-84a3-188bf141a4aa,json,Greek Science In Antiquity,,Marshall Clagett,0.252,low,classical_studies|greek|latin|medieval_texts,Classical Philology | Greek & Latin,History,English,Hauraki Publishing,false,latin; medieval latin; late antiquity; medieval; [title:greek],done,false
dbefdfce-2a60-4a2c-9495-f7c827617091,supabase,Transactions of the American Philological Association,,Unknown,0.246,low,classical_philology|journal|periodical,Classical Philology,,English,,true,philology; philological; transactions of; [journal:transactions.*american.*philological],,false
201478f5-f700-44ca-8652-739c1436a9f0,json,Grammar of the Dialects of Vernacular Syriac,,Arthur John Maclean,0.242,low,grammar|lexicography|semitic_languages,Jewish Philology | Semitic Languages,Proverbs,English,,false,syriac; grammar; [title:grammar]; [title:syriac],done,false
aa7f8e30-8c44-44b8-b0c7-3964e2d3fbca,json,Grammar of Palestinian Jewish Aramaic,,Wm. B. Stevenson,0.242,low,grammar|lexicography|semitic_languages,Jewish Philology | Semitic Languages,,English,,false,aramaic; grammar; [title:grammar]; [title:aramaic],done,false
201478f5-f700-44ca-8652-739c1436a9f0,supabase,GRAMMAR OF THE DIALECTS OF VERNACULAR SYRIAC,,ARTHUR J. MACLEAN,0.242,low,grammar|lexicography|semitic_languages,Jewish Philology | Semitic Languages,,English,,false,syriac; grammar; [title:grammar]; [title:syriac],,false
aa7f8e30-8c44-44b8-b0c7-3964e2d3fbca,supabase,Grammar of PALESTINIAN JEWISH ARAMAIC,,"WM. B. STEVENSON, J. A. EMERTON",0.242,low,grammar|lexicography|semitic_languages,Jewish Philology | Semitic Languages,,English,CLARENDON PRESS OXFORD,false,aramaic; grammar; [title:grammar]; [title:aramaic],,false
6bf2294f-319c-4414-8efa-1dc44a3d42b1,json,"Old Persian: Grammar, Texts, Lexicon",,Roland G. Kent,0.238,low,grammar|indo_european|lexicography|linguistics,,,,,false,old persian; lexicon; grammar; [title:grammar]; [title:lexicon],done,true
73189cac-d1cf-4712-bb35-4479e8eaba67,json,A Concise Dictionary of New Testament Greek,,Warren C. Trenchard,0.238,low,biblical_studies|grammar|greek|lexicography|patristics,Jewish Philology | Classical Philology | Greek & Latin | Biblical Textual Criticism,Religion,English,Cambridge University Press,false,new testament greek; dictionary of; new testament; [title:greek],done,false
103320af-63c7-4c8f-84b3-b0339bc2d3c7,json,The Making of Menander's Comedy,,Sander M. Goldberg,0.232,low,codicology|epigraphy|latin|manuscripts|papyrology,Classical Philology | Greek & Latin | Manuscripts & Papyrology,Literary Criticism,English,A&C Black,false,plautus; terence; papyrus,done,false
4977edaa-4e8f-4dc1-8abc-1646e04b5966,json,Aiding Talmud Study,,Aryeh Carmell,0.232,low,biblical_studies|grammar|jewish_philology|lexicography|semitic_languages,Jewish Philology | Semitic Languages | Biblical Textual Criticism,Religion,English,Feldheim Publishers,false,aramaic; talmud; talmudic; grammar,done,false
0e4a1f05-a206-420c-b560-087fe543f1cd,supabase,A Short Grammar of Classical Greek,,"Adolf Kaegi, James A. Kleist",0.232,low,grammar|greek|lexicography,Classical Philology | Greek & Latin,,English,B. Herder,false,classical greek; greek grammar; grammar; [title:grammar]; [title:greek],,false
3f816ee4-3323-47f6-b6f9-683a3aaeb2e2,json,Selected Papers in Ethiosemitic and Neo-Aramaic Linguistics,,Olga Kapeliuk,0.23,low,grammar|lexicography|semitic_languages,Jewish Philology | Semitic Languages,Language Arts & Disciplines,English,Magness Press,false,semitic; semitic languages; aramaic; syntax; [title:aramaic],done,false
0466be2f-fcb5-4aed-8978-64b7c6d28cf6,json,Transactions of the American Philological Association,,American Philological Association,0.229,low,classical_philology|journal|periodical,Classical Philology,,English,,true,philological; transactions of; [journal:transactions.*american.*philological],done,false
7797826e-238c-4d3c-9123-320da488eaf0,json,"Demosthenes, Against Meidias (oration 21)",,Demosthenes,0.229,low,classical_philology|codicology|greek|manuscripts,Classical Philology | Greek & Latin | Manuscripts & Papyrology,Drama,English,"Oxford University Press, USA",false,apparatus criticus; demosthenes; manuscripts,done,false
8995d920-b644-4256-b756-3f4c969873d5,supabase,Exegesis and Grammar in Medieval Karaite Texts,,KHAN,0.229,low,biblical_studies|grammar|lexicography|medieval_texts|patristics,Jewish Philology | Biblical Textual Criticism,,English,,false,grammar; exegesis; medieval; [title:grammar],,false
be6ffc85-b0a4-4603-864b-c44b3560a408,json,On Justice,,Lenn E. Goodman,0.228,low,biblical_studies|greek|jewish_philology|patristics,Jewish Philology | Classical Philology | Greek & Latin | Biblical Textual Criticism,Religion,English,Liverpool University Press,false,plato; aristotle; rabbinic; biblical,done,false
8b624ed0-9bc8-4dde-ae2a-7e7940fbf168,json,Harvard Studies in Classical Philology,,Harvard University,0.225,low,classical_philology|journal,Classical Philology,Classical philology,English,,true,philology; [title:philology]; [journal:harvard.*studies.*classical.*philology],done,false
8b624ed0-9bc8-4dde-ae2a-7e7940fbf168,supabase,Harvard Studies in Classical Philology,,A Committee of the Classical Instructors of Harvard University,0.225,low,classical_philology|journal,Classical Philology,,English,Harvard University Press,true,philology; [title:philology]; [journal:harvard.*studies.*classical.*philology],,false
dd57af10-2ca7-4956-985d-7904b973e7d2,supabase,The Verb in the Greek Non-Literary Papyri,,Basil G. Mandilaras,0.225,low,codicology|epigraphy|greek|manuscripts|papyrology,Classical Philology | Greek & Latin | Manuscripts & Papyrology,,Greek,Hellenic Ministry of Culture and Sciences,false,papyri; [title:papyri]; [title:greek],,false
be4cc0f6-163c-43ef-a87a-d350c089c2d3,json,Handbook for Classical Research,,David M. Schaps,0.223,low,codicology|epigraphy|grammar|lexicography|manuscripts|papyrology,Manuscripts & Papyrology,Education,English,Taylor & Francis,false,palaeography; epigraphy; numismatics; lexicography,done,false
72235897-9453-42d2-a0a2-4d620b437e60,json,From Text to Tradition,,Lawrence H. Schiffman,0.22,low,biblical_studies|jewish_philology|patristics,Jewish Philology | Biblical Textual Criticism,Religion,English,"KTAV Publishing House, Inc.",false,dead sea scrolls; mishnah; rabbinic; talmudic; biblical; apocrypha; pseudepigrapha; second temple,done,false
7ef543fd-a096-4dca-8fc6-06ff4337737e,json,"A History of Samos, 800-188 BC",,Graham Shipley,0.219,low,classical_studies|epigraphy|greek|papyrology,Classical Philology | Greek & Latin | Manuscripts & Papyrology,History,English,,false,thucydides; herodotus; inscriptions; hellenistic,done,false
4c0f3b82-d5fb-446d-8047-2ffcc2114d66,json,Babylonia Judaica in the Talmudic Period,,Aharon Oppenheimer; Benjamin H. Isaac; Michael Lecker,0.215,low,biblical_studies|jewish_philology|semitic_languages,Jewish Philology | Semitic Languages | Biblical Textual Criticism,History,English,Dr Ludwig Reichert,false,babylonian; talmud; talmudic; [title:talmudic],done,false
622f8382-f245-4b82-8127-f808d9648436,json,Reclaiming the Rural,,Kim Donehower; Charlotte Hogg; Eileen E Schell,0.215,low,biblical_studies|jewish_philology,Jewish Philology | Biblical Textual Criticism,Language Arts & Disciplines,English,SIU Press,false,dead sea scrolls; qumran; [title:dead sea scrolls]; [title:qumran],failed,true
68306d02-ddaf-4888-855d-87d4f7f3e7e9,json,Carnal Israel,,Daniel Boyarin,0.215,low,biblical_studies|jewish_philology|patristics,Jewish Philology | Biblical Textual Criticism,Literary Criticism,English,Univ of California Press,false,rabbinic; talmudic; patristic; early christian; [title:talmudic],done,false
622f8382-f245-4b82-8127-f808d9648436,supabase,"Reclaiming the Dead Sea Scrolls: The History of Judaism, The Background of Christianity, The Lost Library of Qumran",,Lawrence H. Schiffman,0.215,low,biblical_studies|jewish_philology,Jewish Philology | Biblical Textual Criticism,,English,,false,dead sea scrolls; qumran; [title:dead sea scrolls]; [title:qumran],,false
04344546-84ba-4375-bd9f-d3863d90790c,json,A Concise History of Mathematics,,Dirk J. Struik,0.214,low,codicology|epigraphy|manuscripts|medieval_texts|papyrology,Manuscripts & Papyrology,Mathematics,English,Courier Corporation,false,manuscripts; papyrus; medieval,done,false
5e766bac-8a8e-4830-b2fc-57342b74fd29,json,Women in Hellenistic Egypt,,Sarah B. Pomeroy,0.214,low,classical_studies|codicology|epigraphy|manuscripts|papyrology,Manuscripts & Papyrology,History,English,Schocken,false,papyri; inscriptions; hellenistic,done,false
284d6594-8970-4226-9795-76f369ba5626,json,Encyclopedia of the Dead Sea Scrolls,,Lawrence H. Schiffman,0.213,low,biblical_studies|codicology|jewish_philology|manuscripts,Jewish Philology | Biblical Textual Criticism | Manuscripts & Papyrology,Dead Sea scrolls,English,,false,dead sea scrolls; manuscripts; [title:dead sea scrolls],done,false
2d10cd8f-fb05-4a2a-81c1-6b8209056aca,json,A History of Greek Political Thought (Routledge Library Editions: Political Science Volume 34),,T. A. Sinclair,0.212,low,classical_studies|greek,Classical Philology | Greek & Latin,Political Science,English,Routledge,false,homer; euripides; thucydides; herodotus; hellenistic; [title:greek],done,false
02d6c4b0-3ef0-4d82-81b7-67df93231263,json,Collected Writings in Jewish Studies,,Efraim Elimelech Urbach,0.211,low,biblical_studies|jewish_philology|medieval_texts|patristics,Jewish Philology | Biblical Textual Criticism,Religion,English,,false,rabbinic; talmudic; second temple; medieval,done,false
09e1bd5f-2f1e-4e01-b1b9-1138cbf78447,json,Jewish Views of the Afterlife,,Simcha Paull Raphael,0.211,low,biblical_studies|jewish_philology|medieval_texts|patristics,Jewish Philology | Biblical Textual Criticism,Eschatology,English,Jason Aronson,false,midrash; rabbinic; apocrypha; medieval,done,false
16e58765-5d2d-4547-acbb-f13878eb0fad,json,Maimonides and the Hermeneutics of Concealment,,James Arthur Diamond,0.208,low,biblical_studies|jewish_philology|medieval_texts|patristics,Jewish Philology | Biblical Textual Criticism,Religion,English,State University of New York Press,false,rabbinic; biblical; hermeneutics; medieval,done,false
4cac4835-fdc1-4b44-b488-e5497c8eda6a,json,The Legend of King Arthur,,Shalini Saxena,0.208,low,biblical_studies|greek|jewish_philology,Jewish Philology | Classical Philology | Greek & Latin | Biblical Textual Criticism,Juvenile Nonfiction,English,Gareth Stevens Publishing LLLP,false,septuagint; [title:septuagint],done,false
4cac4835-fdc1-4b44-b488-e5497c8eda6a,supabase,The Legend of The Septuagint,,"Abraham Wasserstein, David J. Wasserstein",0.208,low,biblical_studies|greek|jewish_philology,Jewish Philology | Classical Philology | Greek & Latin | Biblical Textual Criticism,,English,Cambridge,false,septuagint; [title:septuagint],,false
230f631a-8a09-4075-84ae-74cd2fd4fd0f,supabase,Thinking GOD: The Bible in the Syriac Tradition,,Sebastian Brock,0.208,low,semitic_languages,Jewish Philology | Semitic Languages,,English,gorgias press,false,syriac; [title:syriac]; [scholar:Sebastian Brock],,false
305b50a4-8d1d-4e36-978a-1ed0780f846d,json,Syriac Manuscripts in the Harvard College Library: A Catalogue,,Moshe Henry Goshen-Gottstein,0.204,low,codicology|manuscripts|semitic_languages,Jewish Philology | Semitic Languages | Manuscripts & Papyrology,Language Arts & Disciplines,English,BRILL,false,syriac; manuscripts; [title:syriac],done,false
305b50a4-8d1d-4e36-978a-1ed0780f846d,supabase,Syriac Manuscripts in the Harvard College Library: A Catalogue,,Moshe H. Goshen-Gottstein,0.204,low,codicology|manuscripts|semitic_languages,Jewish Philology | Semitic Languages | Manuscripts & Papyrology,,English,Harvard,false,syriac; manuscripts; [title:syriac],,false
105fa62c-d9e8-433e-b545-c62433c33c6b,json,"Counting the People in Hellenistic Egypt: Volume 1, Population Registers (P. Count)",,Willy Clarysse; Dorothy J. Thompson,0.2,low,classical_studies|codicology|epigraphy|manuscripts|papyrology,Manuscripts & Papyrology,History,English,Cambridge University Press,false,papyri; hellenistic,done,false
2d1428c7-3ee5-4fd9-929f-a171af842914,json,Calendar:,,David Ewing Duncan,0.2,low,classical_studies|indo_european|latin|linguistics,Classical Philology | Greek & Latin,History,English,William Morrow,false,caesar; vedic; byzantium,done,false
96fcd96b-f23c-4d66-ad0a-30db8019a466,json,DICTIONARY OF THE DIALECTS OF VERNACULAR SYRIAC,,ARTHUR JOHN MACLEAN,0.2,low,grammar|lexicography|semitic_languages,Jewish Philology | Semitic Languages,,,,false,syriac; dictionary of; [title:syriac],done,true
dd0ee317-25db-4374-a85e-45c3f0623138,supabase,Studies in the Historical Syntax of Aramaic,,Na'ama Pat-El,0.2,low,grammar|lexicography|semitic_languages,Jewish Philology | Semitic Languages,,English,gorgias press,false,aramaic; syntax; [title:aramaic],,false
d65c462f-e69e-4fe1-9966-664a783c11ed,supabase,Encyclopedic Dictionary of the Syriac Heritage,,"Sebastian P. Brock, Aaron M. Butts, George A. Kiraz, Lucas Van Rompay",0.2,low,grammar|lexicography|semitic_languages,Jewish Philology | Semitic Languages,,English,Gorgias Press,false,syriac; dictionary of; [title:syriac],,false
0cf1d3b8-1df8-4a12-87af-90aec65cda48,json,Karaite Judaism,,Meira Polliack,0.199,low,classical_studies|codicology|manuscripts|medieval_texts,Manuscripts & Papyrology,Reference,English,BRILL,false,manuscripts; byzantium; medieval; middle ages,done,false
c30d0271-ef9b-48fc-b9e7-b512a961994c,supabase,A GRAMMAR OF AKKADIAN,,John Huehnergard,0.198,low,grammar|lexicography|semitic_languages,Jewish Philology | Semitic Languages,,English,Harvard Semitic Museum,false,semitic; akkadian; grammar; [title:grammar],,false
e1f451d8-332a-4a6f-9b3d-6b01a4bf4c1a,supabase,Key to A Grammar of Akkadian,,John Huehnergard,0.198,low,grammar|lexicography|semitic_languages,Jewish Philology | Semitic Languages,,English,Harvard Semitic Studies,false,semitic; akkadian; grammar; [title:grammar],,false
13a3030a-d953-441c-9dcf-584723705b7a,json,Your Voice Like a Ram's Horn,,Marc Saperstein,0.196,low,biblical_studies|jewish_philology|medieval_texts|patristics,Jewish Philology | Biblical Textual Criticism,Religion,English,Hebrew Union College Press,false,rabbinic; exegesis; middle ages,done,false
13f8a00f-ebc1-4232-ad43-0ec973a0d7e1,json,The Manuscript Library of the Armenian Patriarchate in Jerusalem,,Michael E. Stone,0.193,low,codicology|indo_european|linguistics|manuscripts,Manuscripts & Papyrology,Manuscripts,English,,false,manuscript; manuscripts; armenian; [title:manuscript],done,false
300b9e6d-4239-4bfb-a7f4-03a500c44f82,json,The Greek City States,,P. J. Rhodes,0.193,low,classical_studies|greek,Classical Philology | Greek & Latin,History,English,Cambridge University Press,false,classical greek; homer; ancient greece; hellenistic; [title:greek],done,false
7b89c401-ab19-4f70-aaee-2d6fd856d079,supabase,Medieval Latin,,"K. P. Harrington, Joseph Pucci, Alison Goddard Elliott",0.193,low,latin|medieval_texts,Classical Philology | Greek & Latin,,Latin,,false,latin; medieval latin; medieval; [title:latin],,false
f743e2c3-4ae0-40ce-afed-8c03f547e926,supabase,Alienated Minority: The Jews of Medieval Latin Europe,,Kenneth R. Stow,0.193,low,latin|medieval_texts,Classical Philology | Greek & Latin,,English,,false,latin; medieval latin; medieval; [title:latin],,false
3995b67a-869c-4758-8416-7f62c05c5140,json,The Sabbath Anthology,,Abraham Ezra Millgram,0.192,low,biblical_studies|classical_studies|jewish_philology|medieval_texts,Jewish Philology | Biblical Textual Criticism,Religion,English,U of Nebraska Press,false,talmud; hellenistic; medieval,needs_review,true
3a36c8df-dcb9-4c04-ad75-451828246e71,json,"Scriptures, Sects, and Visions",,Michael E. Stone,0.192,low,biblical_studies|classical_studies|jewish_philology|patristics,Jewish Philology | Biblical Textual Criticism,Religion,English,Wipf and Stock Publishers,false,hellenistic; intertestamental; second temple; [scholar:Michael Stone],done,false
5d7904b7-5a56-41f0-90ae-e941cfa50587,json,Magic Spells and Formulae: Aramaic Incantations of Late Antiquity,,Joseph Naveh and Shaul Shaked,0.192,low,classical_studies|semitic_languages,Jewish Philology | Semitic Languages,,,,false,aramaic; late antiquity; [title:aramaic],done,true
5fd2a4e2-bbc9-4183-9fd7-a090b1a0d669,json,A lexicon to Herodotus,,J. Enoch Powell,0.192,low,grammar|greek|lexicography,Classical Philology | Greek & Latin,,English,,false,herodotus; lexicon; [title:lexicon],done,false
94790a1b-a8e0-40ab-9a47-42fceb8bba30,supabase,Ancient Greek Scholarship,,Eleanor Dickey,0.192,low,classical_philology|greek,Classical Philology | Greek & Latin,,English,American Philological Association,false,philological; ancient greek; [title:greek],,false
b0f1b2a7-823b-40a7-81ff-f2fd9fc309b0,supabase,Lexicon Thucydideum,,E.-A. Bétant,0.192,low,grammar|latin|lexicography,Classical Philology | Greek & Latin,,Latin,OLMS,false,latin; lexicon; [title:lexicon],,false
b4be0612-8257-4135-9d7b-9689c4659bbf,supabase,Dizionario Etimologico Italiano,,Dante Olivieri,0.192,low,grammar|indo_european|lexicography|linguistics|medieval_texts,,,Italian,CESCHINA,false,etymology; dizionario; dante,,false
09ae9e19-ebe4-43af-a8f2-5c8cd583719f,json,English-Greek Dictionary,,S. C. Woodhouse,0.19,low,grammar|greek|lexicography,Classical Philology | Greek & Latin,Foreign Language Study,English,Taylor & Francis,false,ancient greek; greek dictionary; dictionary of; [title:greek],done,false
29418311-bb25-436a-a43a-fe36532f98f7,json,Short Latin Stories,,Philip Dunlop,0.188,low,grammar|latin|lexicography,Classical Philology | Greek & Latin,Juvenile Nonfiction,English,Cambridge University Press,false,latin; glossary; grammatical; [title:latin],done,false
3f6f2195-40db-4546-97a4-20255eff7caf,json,"The Metamorphoses Od Ovid, Translated by William Caxton, 1480; Complete Facsimile; 2 Volumes, Vol I, Books 1-9, the Phillipps Manuscript; Vol II, Books 10-15, the Pepys Manuscript; ND3395O8",,P. Ovidius Naso,0.188,low,codicology|latin|manuscripts,Classical Philology | Greek & Latin | Manuscripts & Papyrology,,English,,false,ovid; manuscript; [title:manuscript],done,false
575d606b-e1ee-427c-8024-2a2429356e73,json,An Albanian Historical Grammar,,Stuart E. Mann,0.188,low,grammar|indo_european|lexicography|linguistics,,,,,false,historical grammar; albanian; grammar; [title:grammar],done,true
aa273d51-d2e5-4dab-8757-baf0dabb4e0d,json,"An Icelandic Primer with Grammar, Notes and Glossary",,Henry Sweet,0.188,low,grammar|indo_european|lexicography|linguistics,,Old Norse language,English,,false,old norse; glossary; grammar; [title:grammar],done,false
9ccc73d2-5e21-41c1-b2fe-8e571d7aad78,supabase,Syntax of the Moods and Tenses of the Greek Verb,,William Watson Goodwin,0.188,low,grammar|greek|lexicography,Classical Philology | Greek & Latin,,English,,false,greek grammar; grammar; syntax; [title:greek],,false
22299e3c-1265-4249-bc24-4420a741456b,supabase,THE INSCRIPTIONS OF TIGLATH-PILESER III KING OF ASSYRIA,,H. TADMOR,0.188,low,epigraphy|papyrology|semitic_languages,Jewish Philology | Semitic Languages | Manuscripts & Papyrology,,English,THE ISRAEL ACADEMY OF SCIENCES AND HUMANITIES,false,assyrian; inscriptions; [title:inscriptions],,false
464b17b5-c1ec-4667-9a20-787d1b280e98,json,The Apocrypha and Pseudepigrapha of the Old Testament in English,,R. H. Charles,0.187,low,biblical_studies|jewish_philology|patristics,Jewish Philology | Biblical Textual Criticism,,English,,false,old testament; biblical; apocrypha; pseudepigrapha; second temple,done,false
6568494f-8fbd-4ae6-bcdb-c710da317e72,json,The Dead Sea Scrolls,,Rappaport; Devorah Dimant,0.187,low,biblical_studies|jewish_philology,Jewish Philology | Biblical Textual Criticism,Religion,English,BRILL,false,dead sea scrolls; qumran; hebrew bible; halakha; [title:dead sea scrolls],done,false
22dbef3c-9e52-4490-ad5c-f83a7d7dbff2,json,Phoenix,,Classical Association of Canada / Société canadienne des études classiques,0.183,low,classical_philology|classical_studies|journal,Classical Philology,Classical philology,English,,true,philology; classical association; [journal:phoenix],done,false
323dc3d0-e92f-49a8-a142-9c4856e9c80b,json,An Introductory New Testament Greek Method,,William Rainey Harper; Revere Franklin Weidner,0.183,low,biblical_studies|greek|patristics,Jewish Philology | Classical Philology | Greek & Latin | Biblical Textual Criticism,Greek language,English,,false,new testament greek; biblical; new testament; [title:greek],done,false
39385663-58f7-474b-88cb-cfa11ecba06d,json,A Grammar of Phoenician and Punic,,Stanislav Segert,0.183,low,grammar|lexicography|semitic_languages,Jewish Philology | Semitic Languages,Phoenician language,English,,false,phoenician; grammar; [title:grammar],done,false
3bd6abb6-2f10-49a7-9ff7-fac5f3b3aa35,json,Phoenix,,Classical Association of Canada,0.183,low,classical_philology|classical_studies|journal,Classical Philology,Classical philology,English,,true,philology; classical association; [journal:phoenix],done,false
508ebcf5-f114-426c-bff2-cfec5bdc16a7,json,A Basic Grammar of the Ugaritic Language,,Stanislav Segert,0.183,low,grammar|lexicography|semitic_languages,Jewish Philology | Semitic Languages,,,,false,ugaritic; grammar; [title:grammar],failed,true
6dbc5f96-7f7f-4b3a-878b-e40231d43471,json,Reference Grammar of Amharic,,Wolf Leslau,0.183,low,grammar|lexicography|semitic_languages,Jewish Philology | Semitic Languages,,,,false,amharic; grammar; [title:grammar],done,true
7b8318c9-1603-4897-8d4c-95a7dd432fb1,json,Phoenix,,Classical Association of Canada / Société canadienne des études classiques,0.183,low,classical_philology|classical_studies|journal,Classical Philology,Classical philology,English,,true,philology; classical association; [journal:phoenix],done,false
806d5cd4-806a-4d1f-8003-5089f716bc0f,json,Phoenix,,Unknown,0.183,low,classical_philology|classical_studies|journal,Classical Philology,Classical philology,English,,true,philology; classical association; [journal:phoenix],done,false
5a2d2883-7fe2-4d13-9665-20ddd1f42010,json,Archaic and Classical Greek Coins; The Library of Numismatics,,C.M. Kraay,0.179,low,epigraphy|greek|papyrology,Classical Philology | Greek & Latin | Manuscripts & Papyrology,,English,,false,classical greek; numismatics; [title:greek],done,false
8b5cdeea-34c4-4b31-a460-060b796762fc,json,Artful Crafts,,Michael J. Vickers; David W. J. Gill,0.179,low,epigraphy|greek|papyrology,Classical Philology | Greek & Latin | Manuscripts & Papyrology,Antiques & Collectibles,English,,false,ancient greek; epigraphic; [title:greek],done,false
bef6cde5-511d-44d6-8af6-fd93e9acc764,json,Philosophical Grammar,,Ludwig Wittgenstein,0.179,low,codicology|grammar|lexicography|manuscripts,Manuscripts & Papyrology,Language Arts & Disciplines,English,Univ of California Press,false,manuscript; grammar; [title:grammar],done,false
2554bad5-1efa-4845-a810-9626f94b8067,json,Introduction to the Hebrew Bible,,John Joseph Collins,0.178,low,biblical_studies|jewish_philology|patristics,Jewish Philology | Biblical Textual Criticism,Bibles,English,Augsburg Fortress Publishers,false,old testament; hebrew bible; biblical; apocrypha,done,false
1ca828df-938e-4af0-a2e1-a7e88f046c39,json,Or LaYesharim,,Joshua Buch,0.176,low,biblical_studies|codicology|jewish_philology|manuscripts,Jewish Philology | Biblical Textual Criticism | Manuscripts & Papyrology,Religion,iw,Lulu.com,false,talmud; rabbinic; genizah; manuscripts,failed,true
078ad29b-827d-4cb5-bb4a-4123d1a1cad4,json,Proceedings of the Cambridge Philological Society,,Cambridge Philological Society,0.175,low,classical_philology|journal,Classical Philology,Philology,English,,true,philology; philological; [journal:cambridge.*philological.*society],done,false
39d9b13e-a078-412b-ab43-9fdedb3445e0,json,An Historical Grammar of Japanese,,Sir George Bailey Sansom,0.175,low,grammar|indo_european|lexicography|linguistics,,Japanese language,English,,false,historical grammar; grammar; [title:grammar],done,false
47e29843-afef-46db-9681-b1d0a9b2fd81,json,A New Latin Syntax,,E. C. Woodcock,0.175,low,grammar|latin|lexicography,Classical Philology | Greek & Latin,Foreign Language Study,Latin,Bolchazy-Carducci Publishers,false,latin; syntax; [title:latin],done,false
52e0919e-1064-4b8a-8e69-bb0494e90c13,json,Armenian (Eastern) Newspaper Reader and Grammar,,R. David Zorc and Louisa Baghdasarian,0.175,low,grammar|indo_european|lexicography|linguistics,,,,,false,armenian; grammar; [title:grammar],done,true
56d23715-eaac-4a66-b4fb-9cff829f44f3,json,A SANSKRIT GRAMMAR FOR STUDENTS,,ARTHUR A. MACDONELL,0.175,low,grammar|indo_european|lexicography|linguistics,,,English,,false,sanskrit; grammar; [title:grammar],done,true
70da4156-d213-4e49-a0e2-0582ac35f62d,json,Albanian Grammar,,Martin Camaj,0.175,low,grammar|indo_european|lexicography|linguistics,,Language Study,English,Otto Harrassowitz Verlag,false,albanian; grammar; [title:grammar],done,false
a68c022c-70cc-4fe4-9073-49d76814fd38,json,Buddhist Hybrid Sanskrit Grammar and Dictionary,,Franklin Edgerton,0.175,low,grammar|indo_european|lexicography|linguistics,,,English,,false,sanskrit; grammar; [title:grammar],done,false
a8ccfbe7-6bef-4852-8c50-f23907511ae8,json,An Introduction to Ancient Greek,,Cecelia Eaton Luschnig; Deborah Mitchell,0.175,low,grammar|greek|lexicography,Classical Philology | Greek & Latin,Foreign Language Study,English,Hackett Publishing,false,ancient greek; grammar; [title:greek],done,false
a68c022c-70cc-4fe4-9073-49d76814fd38,supabase,Buddhist Hybrid Sanskrit Grammar,,Franklin Edgerton,0.175,low,grammar|indo_european|lexicography|linguistics,,,English,,false,sanskrit; grammar; [title:grammar],,false
f8d8de21-4a87-4d3f-b0c7-387774838bc4,supabase,A VEDIC GRAMMAR for Students,,Arthur A. Macdonell,0.175,low,grammar|indo_european|lexicography|linguistics,,,English,,false,vedic; grammar; [title:grammar],,false
7bec5257-c087-40a3-af9b-f7b4f8c6472c,supabase,Proceedings of the Cambridge Philological Society,,"Robert Coleman, Robin Cormack, Don Fowler, Byron Harries, Gabriel Herman, D. W. Rathbone, Andrew Wallace-Hadrill, C. W. Willink",0.175,low,classical_philology|journal,Classical Philology,,English,Cambridge Philological Society,true,philology; philological; [journal:cambridge.*philological.*society],,false
9e90bc77-efba-44a0-9f0c-05f233778add,supabase,Proceedings of the Cambridge Philological Society,,Unknown,0.175,low,classical_philology|journal,Classical Philology,,English,Cambridge Philological Society,true,philology; philological; [journal:cambridge.*philological.*society],,false
30bf674a-bb30-4ec2-ad2a-9fc7ee36f9a3,supabase,Proceedings of the Cambridge Philological Society,,"Graeme Barker, Dorothea Frede, John Henderson, M.D. Reeve, Stephanie West, Froma I. Zeitlin",0.175,low,classical_philology|journal,Classical Philology,,English,Cambridge Philological Society,true,philology; philological; [journal:cambridge.*philological.*society],,false
d152a766-9068-4044-92d1-5fc8bcebacbb,supabase,Sanskrit Grammar,,William Dwight Whitney,0.175,low,grammar|indo_european|lexicography|linguistics,,,English,Barbarb University Press,false,sanskrit; grammar; [title:grammar],,false
e241c5d4-56db-4944-a432-53e75399b440,supabase,Proceedings of the Cambridge Philological Society,,"A. L. Brown, John F. Cherry, Stephen Halliwell, Stephen Heyworth, David McKie, Paul Millett, R. M. Ogilvie, J. W. Rich, Gregory Vlastos",0.175,low,classical_philology|journal,Classical Philology,,English,Cambridge Philological Society,true,philology; philological; [journal:cambridge.*philological.*society],,false
86790f58-ba2a-480d-8a2d-71e5b32810fa,supabase,Proceedings of the Cambridge Philological Society,,"M. Beard, C. O. Brink, J. A. Crook, C. Osborne, D. R. Shackleton Bailey, O. Taplin, D. J. Thompson, E. Vermeule, M. Wyke, J. C. Yardley",0.175,low,classical_philology|journal,Classical Philology,,English,Cambridge Philological Society,true,philology; philological; [journal:cambridge.*philological.*society],,false
539d75b7-4997-43ce-a1e6-7a7aa54d02aa,supabase,GREEK VERBS irregular and defective,,William Veitch,0.175,low,grammar|greek|lexicography,Classical Philology | Greek & Latin,,English,Elibron Classics,false,greek grammar; grammar; [title:greek],,false
39d9b13e-a078-412b-ab43-9fdedb3445e0,supabase,An Historical Grammar of Japanese,,George Sansom,0.175,low,grammar|indo_european|lexicography|linguistics,,,English,Oxford University Press,false,historical grammar; grammar; [title:grammar],,false
4b3cb45d-1ce0-4769-ba07-cccad70d485e,supabase,A Reference Grammar for Students,,"Leonard Newmark, Philip Hubbard, Peter Prifti",0.175,low,grammar|indo_european|lexicography|linguistics,,,English,Stanford University Press,false,albanian; grammar; [title:grammar],,false
323dc3d0-e92f-49a8-a142-9c4856e9c80b,supabase,INTRODUCTORY NEW TESTAMENT GREEK METHOD,,HARPER AND WEIDNER,0.171,low,biblical_studies|greek|patristics,Jewish Philology | Classical Philology | Greek & Latin | Biblical Textual Criticism,,English,,false,new testament greek; new testament; [title:greek],,false
02597d1c-8daf-4d94-ad4f-d79328cb2b28,json,Greek,,Geoffrey Horrocks,0.167,low,greek|medieval_texts,Classical Philology | Greek & Latin,Language Arts & Disciplines,English,Wiley-Blackwell,false,mycenaean; middle ages; [title:greek],done,false
4b9d45c1-ed2c-43cc-bac2-7e92c5d06475,json,Paideia: The Ideals of Greek Culture: Volume I. Archaic Greece: The Mind of Athens,,Werner Jaeger,0.167,low,classical_studies|greek,Classical Philology | Greek & Latin,History,English,Oxford University Press,false,plato; ancient greece; [title:greek],done,false
70886654-7768-435d-a1b5-5ec6d5d0c62b,json,Bereishit Chapter One,,Rashi,0.167,low,biblical_studies|jewish_philology|patristics,Jewish Philology | Biblical Textual Criticism,,English,Createspace Independent Publishing Platform,false,old testament; torah; tanakh,failed,true
7d122b9a-a46e-4b93-a3d0-f92fce84e649,json,The Art of Ancient Greece,,J. J. Pollitt,0.167,low,classical_studies|greek|latin,Classical Philology | Greek & Latin,Art,English,Cambridge University Press,false,latin; ancient greece; [title:greek],done,false
a410ef02-cfdb-4ba8-ad36-d2ea3f0e5930,json,The Slave Systems of Greek and Roman Antiquity,,William Linn Westermann,0.167,low,classical_studies|greek,Classical Philology | Greek & Latin,History,English,American Philosophical Society,false,homer; hellenistic; [title:greek],done,false
2c55ebfe-04cb-4c77-834a-4b693b5a626f,json,From the Maccabees to the Mishnah,,Shaye J. D. Cohen,0.165,low,biblical_studies|jewish_philology|patristics,Jewish Philology | Biblical Textual Criticism,Religion,English,Westminster John Knox Press,false,mishnah; rabbinic; biblical; early christian,done,false
f2e0ba32-1465-4ce2-8e47-fa6d222d7719,supabase,Studies in Jewish Babylonian Aramaic,,Matthew Morgenstern,0.163,low,semitic_languages,Jewish Philology | Semitic Languages,,English,Harvard Semitic Studies,false,semitic; babylonian; aramaic; [title:aramaic],,false
07db6203-c176-4160-8124-e260f17d95af,json,The Apocrypha and Pseudepigrapha of the Old Testament,,R.H.. Charles,0.162,low,biblical_studies|jewish_philology|patristics,Jewish Philology | Biblical Textual Criticism,,English,,false,old testament; apocrypha; pseudepigrapha,done,false
08103a03-d583-4697-8b92-571a32f1ff5e,supabase,A Rabbinic Commentary on the New Testament,,Samuel Tobias Lachs,0.162,low,biblical_studies|jewish_philology|patristics,Jewish Philology | Biblical Textual Criticism,,English,,false,rabbinic; biblical; new testament; biblical commentary,,false
464b17b5-c1ec-4667-9a20-787d1b280e98,supabase,Apocrypha and Pseudepigrapha of the Old Testament,,Charles,0.162,low,biblical_studies|jewish_philology|patristics,Jewish Philology | Biblical Textual Criticism,,English,Oxford,false,old testament; apocrypha; pseudepigrapha,,false
7bec5257-c087-40a3-af9b-f7b4f8c6472c,json,Proceedings of the Cambridge Philological Society,,Roger David Dawe; William Hugh Clifford Frend,0.158,low,classical_philology|journal,Classical Philology,Civilization,English,,true,philological; [journal:cambridge.*philological.*society],done,false
7ed62b58-574f-443a-8174-8508512d14c7,json,Euripides: Phoenissae,,Euripides,0.158,low,classical_philology|greek,Classical Philology | Greek & Latin,Drama,English,Cambridge University Press,false,philological; euripides,done,false
48c5d3ac-99c1-4380-a59a-7899a1a19be1,supabase,Selections from Pindar,,Gordon MacDonald Kirkwood; Pindar,0.158,low,classical_philology|greek,Classical Philology | Greek & Latin,,English,American Philological Association,false,philological; pindar,,false
5de773ef-513d-4d2f-ac1f-00253679295d,supabase,The Histories,,Herodotus,0.158,low,classical_philology|greek,Classical Philology | Greek & Latin,,English,Norton,false,critical edition; herodotus,,false
a9609247-2514-4d49-9c39-ab638583eed9,supabase,Akkadian Chrestomathy,,Franz M. Bohl,0.158,low,classical_philology|semitic_languages,Jewish Philology | Classical Philology | Semitic Languages,,English,Nederlandsch Archaeologisch-Philologisch Instituut Voor Het Nabije Oosten,false,philologisch; akkadian,,false
f27a2fda-5502-4c67-a167-d3239b9e6224,supabase,INTRODUCTION TO THE MASSORETICO-CRITICAL EDITION OF THE HEBREW BIBLE,,"CHRISTIAN D. GINSBURG, L. L. D.",0.158,low,biblical_studies|classical_philology|jewish_philology,Jewish Philology | Classical Philology | Biblical Textual Criticism,,English,KTAV PUBLISHING HOUSE INC.,false,critical edition; hebrew bible,,false
d9f7483a-9882-49e6-a1d4-f44246a81318,supabase,GREEK IN TALMUDIC PALESTINE,,DANIEL SPERBER,0.158,low,biblical_studies|greek|jewish_philology,Jewish Philology | Classical Philology | Greek & Latin | Biblical Textual Criticism,,English,BAR-ILAN UNIVERSITY PRESS,false,talmudic; [title:talmudic]; [title:greek],,false
45fbae2e-94cb-4625-ba80-a54b55d16e1f,json,The New Simonides,,Deborah Boedeker; David Sider,0.156,low,codicology|epigraphy|manuscripts|papyrology,Manuscripts & Papyrology,Literary Criticism,English,Oxford University Press,false,papyri; oxyrhynchus,done,false
6eb89217-b6c0-4031-8009-fb2cfc4b3ef4,json,Short Manual of Greek Palaeography 2nd Ed,,B.A. VAN. Groningen,0.154,low,codicology|greek|manuscripts,Classical Philology | Greek & Latin | Manuscripts & Papyrology,,English,,false,palaeography; [title:greek]; [title:palaeography],done,false
6eb89217-b6c0-4031-8009-fb2cfc4b3ef4,supabase,SHORT MANUAL OF GREEK PALAEOGRAPHY,,B.A. VAN GRONINGEN,0.154,low,codicology|greek|manuscripts,Classical Philology | Greek & Latin | Manuscripts & Papyrology,,English,A. W. SITTHOFF'S UITGEVERSMO N.V.,false,palaeography; [title:greek]; [title:palaeography],,false
0723549b-bc13-4824-93f3-79587290fef5,json,Only Connect,,David H. Porter,0.153,low,greek,Classical Philology | Greek & Latin,Drama,English,University Press of America,false,greek tragedy; aeschylus; sophocles; euripides; [title:greek],done,false
2d271208-e340-43a7-97b3-eb21d89b6a65,json,Torah and Law in Paradise Lost,,Jason P. Rosenblatt,0.153,low,biblical_studies|jewish_philology|patristics,Jewish Philology | Biblical Textual Criticism,Literary Criticism,English,Princeton University Press,false,hebrew bible; torah; new testament,done,false
8ad951ff-1eb6-4799-9c9b-74d2eaacf41c,json,A Great Voice that Did Not Cease,,Michael Chernick,0.153,low,biblical_studies|jewish_philology|patristics,Jewish Philology | Biblical Textual Criticism,Religion,English,Hebrew Union College Press,false,talmud; rabbinic; hermeneutics,needs_review,true
a7c79468-542d-4c4b-83d4-659c7bce3358,json,Medicine in the Mishneh Torah of Maimonides,,Fred Rosner,0.153,low,biblical_studies|jewish_philology|patristics,Jewish Philology | Biblical Textual Criticism,Biography & Autobiography,English,"Jason Aronson, Incorporated",false,mishnah; torah; exegesis,done,false
abd8592f-efba-4a27-9692-4aa7635d3b64,json,Famous Greek Plays,,"Aeschylus, Sophocles, Euripides, Aristophanes, Whitney J. Oates, Eugene O'Neill Jr.",0.153,low,greek,Classical Philology | Greek & Latin,,,,false,aeschylus; sophocles; euripides; aristophanes; [title:greek],done,true
ae202c0e-2898-4876-b0c4-765ddfca2668,supabase,The Complete Greek Drama,,"Whitney J. Oates and Eugene O'Neill, Jr.",0.153,low,greek,Classical Philology | Greek & Latin,,English,Random House,false,aeschylus; sophocles; euripides; aristophanes; [title:greek],,false
f2ed1fe8-4a01-4331-ba97-42de420ddeb4,supabase,Jews and Gentiles in the Holy Land in the Days of the Second Temple the Mishnah and the Talmud,,"Menachem Mor, Aharon Oppenheimer, Jack Pastor, Daniel R. Schwartz",0.153,low,biblical_studies|jewish_philology|patristics,Jewish Philology | Biblical Textual Criticism,,English,,false,talmud; mishnah; second temple,,false
726474ac-3782-4d3e-a98d-2b0fd80742f8,json,The Etruscan Language,,Giuliano Bonfante; Larissa Bonfante,0.151,low,epigraphy|grammar|lexicography|papyrology,Manuscripts & Papyrology,Art,English,Manchester University Press,false,inscriptions; glossary; grammar,done,false
24668131-5691-44c8-ad1b-94d0578614b3,json,Exodus,,Victor P. Hamilton,0.15,low,biblical_studies|jewish_philology|patristics,Jewish Philology | Biblical Textual Criticism,Religion,English,Baker Books,false,old testament; exegesis,done,false
25f24eb9-ba57-4e00-b08e-9aba8c571e93,json,Tradition and Reflection,,Wilhelm Halbfass,0.15,low,classical_philology|indo_european|linguistics,Classical Philology,Religion,English,SUNY Press,false,philological; vedic,done,false
2b15e5c5-3280-488f-b8a4-4d51d591eea5,json,The Syrian Fathers on Prayer,,Sebastian Brock,0.15,low,semitic_languages,Jewish Philology | Semitic Languages,Religion,English,Gorgias Press,false,syriac; [scholar:Sebastian Brock],done,false
3c4bfbb8-b9c3-42a1-a3eb-1defc6b424f3,json,The Old Testament Pseudepigrapha,,James H. Charlesworth,0.15,low,biblical_studies|jewish_philology|patristics,Jewish Philology | Biblical Textual Criticism,Apocryphal books (Old Testament),English,,false,old testament; pseudepigrapha,done,false
4a508aa8-361e-426a-a3fa-8296fa1da53e,json,Crescas' Critique of Aristotle,,Harry Austryn Wolfson,0.15,low,greek|semitic_languages,Jewish Philology | Classical Philology | Semitic Languages | Greek & Latin,Philosophy,English,"Harvard Semitic Series, 6",false,aristotle; semitic,done,false
60f8266c-2f48-4fb8-8c65-8f62d5c99f33,json,Ancient Near Eastern Texts Relating to the Old Testament with Supplement,,James B. Pritchard,0.15,low,biblical_studies|jewish_philology|patristics,Jewish Philology | Biblical Textual Criticism,History,English,Princeton University Press,false,old testament; biblical,done,false
7f669b7d-bb45-4e32-a5d2-4608196def05,json,Bible Difficulties in the Book of Exodus,,Edward D. Andrews,0.15,low,biblical_studies|biblical_textual_criticism|jewish_philology,Jewish Philology | Biblical Textual Criticism,,English,,false,hebrew bible; [scholar:Emanuel Tov],done,false
868e2289-1353-4880-94f8-383095d80e64,json,Happiness in Premodern Judaism,,Hava Tirosh-Samuelson,0.15,low,biblical_studies|greek|jewish_philology,Jewish Philology | Classical Philology | Greek & Latin | Biblical Textual Criticism,Social Science,English,Hebrew Union College Press,false,aristotle; rabbinic,done,false
a6bd314d-8cdd-4d62-aadd-212e056dda43,json,Philo,,F H Colson; G H Whitaker,0.15,low,biblical_studies|jewish_philology|patristics,Jewish Philology | Biblical Textual Criticism,Philosophy,English,Tradd Street Press,false,pentateuch; biblical; biblical commentary,done,false
b288b930-09cd-4a27-8937-6e3aca71ba3d,json,The Redaction of the Babylonian Talmud: Its Character and Its Thematic Structure,,Morris Scholem,0.15,low,biblical_studies|jewish_philology|semitic_languages,Jewish Philology | Semitic Languages | Biblical Textual Criticism,,,,false,babylonian; talmud,done,true
46606b65-4812-4c91-a19e-34dfcad79482,supabase,Nubes,,Aristophanes,0.15,low,greek|latin,Classical Philology | Greek & Latin,,English,,false,aristophanes; latin,,false
a2676577-1ab7-4062-acd4-be617da9436f,supabase,Thesaurus Syriacus,,Robert Payne Smith,0.15,low,latin|semitic_languages,Jewish Philology | Classical Philology | Semitic Languages | Greek & Latin,,Latin,Georg Olms,false,latin; syriac,,false
5ee2fa13-f806-4b89-bfea-e134195f31fb,supabase,Der Babylonische Talmud,,Lazarus Goldschmidt,0.15,low,biblical_studies|jewish_philology|semitic_languages,Jewish Philology | Semitic Languages | Biblical Textual Criticism,,German,Jüdischer Verlag,false,babylonian; talmud,,false
573b31a6-a9ce-4d96-924f-3561f65d0fde,supabase,The Garments of Torah,,Michael Fishbane,0.15,low,biblical_studies|jewish_philology|patristics,Jewish Philology | Biblical Textual Criticism,,English,,false,torah; biblical; hermeneutics,,false
7f669b7d-bb45-4e32-a5d2-4608196def05,supabase,THE BIBLE AS BOOK: The Hebrew Bible and the Judaean Desert Discoveries,,Edward D. Herbert and Emanuel Tov,0.15,low,biblical_studies|biblical_textual_criticism|jewish_philology,Jewish Philology | Biblical Textual Criticism,,English,,false,hebrew bible; [scholar:Emanuel Tov],,false
9d5cd338-bc30-4b6c-8541-a5206ac42995,supabase,Septem contra Thebas,,Aeschylus,0.15,low,greek|latin,Classical Philology | Greek & Latin,,Latin,,false,aeschylus; latin,,false
fb1e91ef-3abd-4ec1-a8aa-8fa7b99f576c,supabase,The Culture of the Babylonian Talmud,,Jeffrey L. Rubenstein,0.15,low,biblical_studies|jewish_philology|semitic_languages,Jewish Philology | Semitic Languages | Biblical Textual Criticism,,English,,false,babylonian; talmud,,false
3c4bfbb8-b9c3-42a1-a3eb-1defc6b424f3,supabase,The Old Testament Pseudepigrapha: Apocalyptic Literature & Testaments,,James H. Charlesworth,0.15,low,biblical_studies|jewish_philology|patristics,Jewish Philology | Biblical Textual Criticism,,English,,false,old testament; pseudepigrapha,,false